wg,link,status
100-newcomers,https://mailarchive.ietf.org/arch/browse/100-newcomers/,active
100all,https://mailarchive.ietf.org/arch/browse/100all/,active
100attendees,https://mailarchive.ietf.org/arch/browse/100attendees/,active
100companions,https://mailarchive.ietf.org/arch/browse/100companions/,active
101-newcomers,https://mailarchive.ietf.org/arch/browse/101-newcomers/,active
101all,https://mailarchive.ietf.org/arch/browse/101all/,active
101attendees,https://mailarchive.ietf.org/arch/browse/101attendees/,active
101companions,https://mailarchive.ietf.org/arch/browse/101companions/,active
102-newcomers,https://mailarchive.ietf.org/arch/browse/102-newcomers/,active
102all,https://mailarchive.ietf.org/arch/browse/102all/,active
102attendees,https://mailarchive.ietf.org/arch/browse/102attendees/,active
102companions,https://mailarchive.ietf.org/arch/browse/102companions/,active
103-newcomers,https://mailarchive.ietf.org/arch/browse/103-newcomers/,active
103all,https://mailarchive.ietf.org/arch/browse/103all/,active
103attendees,https://mailarchive.ietf.org/arch/browse/103attendees/,active
104-newcomers,https://mailarchive.ietf.org/arch/browse/104-newcomers/,active
104all,https://mailarchive.ietf.org/arch/browse/104all/,active
104attendees,https://mailarchive.ietf.org/arch/browse/104attendees/,active
105-newcomers,https://mailarchive.ietf.org/arch/browse/105-newcomers/,active
105all,https://mailarchive.ietf.org/arch/browse/105all/,active
105attendees,https://mailarchive.ietf.org/arch/browse/105attendees/,active
106-newcomers,https://mailarchive.ietf.org/arch/browse/106-newcomers/,active
106all,https://mailarchive.ietf.org/arch/browse/106all/,active
106attendees,https://mailarchive.ietf.org/arch/browse/106attendees/,active
106companions,https://mailarchive.ietf.org/arch/browse/106companions/,active
107all,https://mailarchive.ietf.org/arch/browse/107all/,active
107attendees,https://mailarchive.ietf.org/arch/browse/107attendees/,active
108-newcomers,https://mailarchive.ietf.org/arch/browse/108-newcomers/,active
108all,https://mailarchive.ietf.org/arch/browse/108all/,active
108attendees,https://mailarchive.ietf.org/arch/browse/108attendees/,active
109-newcomers,https://mailarchive.ietf.org/arch/browse/109-newcomers/,active
109all,https://mailarchive.ietf.org/arch/browse/109all/,active
109attendees,https://mailarchive.ietf.org/arch/browse/109attendees/,active
110-newcomers,https://mailarchive.ietf.org/arch/browse/110-newcomers/,active
110all,https://mailarchive.ietf.org/arch/browse/110all/,active
110attendees,https://mailarchive.ietf.org/arch/browse/110attendees/,active
111-newcomers,https://mailarchive.ietf.org/arch/browse/111-newcomers/,active
111all,https://mailarchive.ietf.org/arch/browse/111all/,active
111attendees,https://mailarchive.ietf.org/arch/browse/111attendees/,active
112-newcomers,https://mailarchive.ietf.org/arch/browse/112-newcomers/,active
112all,https://mailarchive.ietf.org/arch/browse/112all/,active
112attendees,https://mailarchive.ietf.org/arch/browse/112attendees/,active
113-newcomers,https://mailarchive.ietf.org/arch/browse/113-newcomers/,active
113all,https://mailarchive.ietf.org/arch/browse/113all/,active
113attendees,https://mailarchive.ietf.org/arch/browse/113attendees/,active
114-newcomers,https://mailarchive.ietf.org/arch/browse/114-newcomers/,active
114all,https://mailarchive.ietf.org/arch/browse/114all/,active
114attendees,https://mailarchive.ietf.org/arch/browse/114attendees/,active
115-newcomers,https://mailarchive.ietf.org/arch/browse/115-newcomers/,active
115all,https://mailarchive.ietf.org/arch/browse/115all/,active
115attendees,https://mailarchive.ietf.org/arch/browse/115attendees/,active
116-newparticipants,https://mailarchive.ietf.org/arch/browse/116-newparticipants/,active
116all,https://mailarchive.ietf.org/arch/browse/116all/,active
116attendees,https://mailarchive.ietf.org/arch/browse/116attendees/,active
16ng,https://mailarchive.ietf.org/arch/browse/16ng/,active
25years,https://mailarchive.ietf.org/arch/browse/25years/,active
3gpp-ietf-coord,https://mailarchive.ietf.org/arch/browse/3gpp-ietf-coord/,active
3gv6,https://mailarchive.ietf.org/arch/browse/3gv6/,active
5gangip,https://mailarchive.ietf.org/arch/browse/5gangip/,active
6band,https://mailarchive.ietf.org/arch/browse/6band/,active
6gip,https://mailarchive.ietf.org/arch/browse/6gip/,active
6lo,https://mailarchive.ietf.org/arch/browse/6lo/,active
6lo-fragmentation-dt,https://mailarchive.ietf.org/arch/browse/6lo-fragmentation-dt/,active
6lowapp,https://mailarchive.ietf.org/arch/browse/6lowapp/,active
6tisch,https://mailarchive.ietf.org/arch/browse/6tisch/,active
6tisch-security,https://mailarchive.ietf.org/arch/browse/6tisch-security/,active
6tsch,https://mailarchive.ietf.org/arch/browse/6tsch/,active
aaa-doctors,https://mailarchive.ietf.org/arch/browse/aaa-doctors/,active
aaa-implementers,https://mailarchive.ietf.org/arch/browse/aaa-implementers/,active
abfab,https://mailarchive.ietf.org/arch/browse/abfab/,active
abnf-discuss,https://mailarchive.ietf.org/arch/browse/abnf-discuss/,active
accord,https://mailarchive.ietf.org/arch/browse/accord/,active
ace,https://mailarchive.ietf.org/arch/browse/ace/,active
acme,https://mailarchive.ietf.org/arch/browse/acme/,active
acvp,https://mailarchive.ietf.org/arch/browse/acvp/,active
add,https://mailarchive.ietf.org/arch/browse/add/,active
addr-select-dt,https://mailarchive.ietf.org/arch/browse/addr-select-dt/,active
admin-discuss,https://mailarchive.ietf.org/arch/browse/admin-discuss/,active
adslmib,https://mailarchive.ietf.org/arch/browse/adslmib/,active
agentx,https://mailarchive.ietf.org/arch/browse/agentx/,active
aggsrv,https://mailarchive.ietf.org/arch/browse/aggsrv/,active
alto,https://mailarchive.ietf.org/arch/browse/alto/,active
altoext,https://mailarchive.ietf.org/arch/browse/altoext/,active
ancp,https://mailarchive.ietf.org/arch/browse/ancp/,active
anima,https://mailarchive.ietf.org/arch/browse/anima/,active
anima-bootstrap,https://mailarchive.ietf.org/arch/browse/anima-bootstrap/,active
anima-signaling,https://mailarchive.ietf.org/arch/browse/anima-signaling/,active
antitrust-policy,https://mailarchive.ietf.org/arch/browse/antitrust-policy/,active
apn,https://mailarchive.ietf.org/arch/browse/apn/,active
apps-review,https://mailarchive.ietf.org/arch/browse/apps-review/,active
appsdir,https://mailarchive.ietf.org/arch/browse/appsdir/,active
aqm,https://mailarchive.ietf.org/arch/browse/aqm/,active
arc,https://mailarchive.ietf.org/arch/browse/arc/,active
architecture-discuss,https://mailarchive.ietf.org/arch/browse/architecture-discuss/,active
arcing,https://mailarchive.ietf.org/arch/browse/arcing/,active
ark,https://mailarchive.ietf.org/arch/browse/ark/,active
armd,https://mailarchive.ietf.org/arch/browse/armd/,active
arp222,https://mailarchive.ietf.org/arch/browse/arp222/,active
art,https://mailarchive.ietf.org/arch/browse/art/,active
asap,https://mailarchive.ietf.org/arch/browse/asap/,active
asdf,https://mailarchive.ietf.org/arch/browse/asdf/,active
ason-routing,https://mailarchive.ietf.org/arch/browse/ason-routing/,active
atlas,https://mailarchive.ietf.org/arch/browse/atlas/,active
atoca,https://mailarchive.ietf.org/arch/browse/atoca/,active
auth48archive,https://mailarchive.ietf.org/arch/browse/auth48archive/,active
autoconf,https://mailarchive.ietf.org/arch/browse/autoconf/,active
avt,https://mailarchive.ietf.org/arch/browse/avt/,active
babel,https://mailarchive.ietf.org/arch/browse/babel/,active
banana,https://mailarchive.ietf.org/arch/browse/banana/,active
bcause,https://mailarchive.ietf.org/arch/browse/bcause/,active
bec,https://mailarchive.ietf.org/arch/browse/bec/,active
behave,https://mailarchive.ietf.org/arch/browse/behave/,active
bess,https://mailarchive.ietf.org/arch/browse/bess/,active
bfcpbis,https://mailarchive.ietf.org/arch/browse/bfcpbis/,active
bgp-autoconf,https://mailarchive.ietf.org/arch/browse/bgp-autoconf/,active
bier,https://mailarchive.ietf.org/arch/browse/bier/,active
bimi,https://mailarchive.ietf.org/arch/browse/bimi/,active
bliss,https://mailarchive.ietf.org/arch/browse/bliss/,active
blockchain-interop,https://mailarchive.ietf.org/arch/browse/blockchain-interop/,active
bmwg,https://mailarchive.ietf.org/arch/browse/bmwg/,active
bnbsg,https://mailarchive.ietf.org/arch/browse/bnbsg/,active
bpf,https://mailarchive.ietf.org/arch/browse/bpf/,active
bridge-mib,https://mailarchive.ietf.org/arch/browse/bridge-mib/,active
btns,https://mailarchive.ietf.org/arch/browse/btns/,active
bundled-domain-names,https://mailarchive.ietf.org/arch/browse/bundled-domain-names/,active
c310,https://mailarchive.ietf.org/arch/browse/c310/,active
c430,https://mailarchive.ietf.org/arch/browse/c430/,active
c431,https://mailarchive.ietf.org/arch/browse/c431/,active
cacao,https://mailarchive.ietf.org/arch/browse/cacao/,active
caldav,https://mailarchive.ietf.org/arch/browse/caldav/,active
calsify,https://mailarchive.ietf.org/arch/browse/calsify/,active
can,https://mailarchive.ietf.org/arch/browse/can/,active
captive-portals,https://mailarchive.ietf.org/arch/browse/captive-portals/,active
carddav,https://mailarchive.ietf.org/arch/browse/carddav/,active
caris-attendees,https://mailarchive.ietf.org/arch/browse/caris-attendees/,active
casm,https://mailarchive.ietf.org/arch/browse/casm/,active
cats,https://mailarchive.ietf.org/arch/browse/cats/,active
cbor,https://mailarchive.ietf.org/arch/browse/cbor/,active
ccamp,https://mailarchive.ietf.org/arch/browse/ccamp/,active
ccg,https://mailarchive.ietf.org/arch/browse/ccg/,active
cdni,https://mailarchive.ietf.org/arch/browse/cdni/,active
cellar,https://mailarchive.ietf.org/arch/browse/cellar/,active
certid,https://mailarchive.ietf.org/arch/browse/certid/,active
cfbl,https://mailarchive.ietf.org/arch/browse/cfbl/,active
cfrg,https://mailarchive.ietf.org/arch/browse/cfrg/,active
cga-ext,https://mailarchive.ietf.org/arch/browse/cga-ext/,active
cgasec,https://mailarchive.ietf.org/arch/browse/cgasec/,active
channel-binding,https://mailarchive.ietf.org/arch/browse/channel-binding/,active
chirp,https://mailarchive.ietf.org/arch/browse/chirp/,active
cicm,https://mailarchive.ietf.org/arch/browse/cicm/,active
clouds,https://mailarchive.ietf.org/arch/browse/clouds/,active
clue,https://mailarchive.ietf.org/arch/browse/clue/,active
cnit,https://mailarchive.ietf.org/arch/browse/cnit/,active
codec,https://mailarchive.ietf.org/arch/browse/codec/,active
codesprints,https://mailarchive.ietf.org/arch/browse/codesprints/,active
codestand-develop,https://mailarchive.ietf.org/arch/browse/codestand-develop/,active
coin,https://mailarchive.ietf.org/arch/browse/coin/,active
collation,https://mailarchive.ietf.org/arch/browse/collation/,active
coman,https://mailarchive.ietf.org/arch/browse/coman/,active
companions,https://mailarchive.ietf.org/arch/browse/companions/,active
congress,https://mailarchive.ietf.org/arch/browse/congress/,active
core,https://mailarchive.ietf.org/arch/browse/core/,active
core-parameters,https://mailarchive.ietf.org/arch/browse/core-parameters/,active
cose,https://mailarchive.ietf.org/arch/browse/cose/,active
cosmogol,https://mailarchive.ietf.org/arch/browse/cosmogol/,active
covidimpacts-workshop,https://mailarchive.ietf.org/arch/browse/covidimpacts-workshop/,active
crisp,https://mailarchive.ietf.org/arch/browse/crisp/,active
crypto-panel,https://mailarchive.ietf.org/arch/browse/crypto-panel/,active
cso,https://mailarchive.ietf.org/arch/browse/cso/,active
curdle,https://mailarchive.ietf.org/arch/browse/curdle/,active
cuss,https://mailarchive.ietf.org/arch/browse/cuss/,active
cwp,https://mailarchive.ietf.org/arch/browse/cwp/,active
cwt-reg-review,https://mailarchive.ietf.org/arch/browse/cwt-reg-review/,active
dance,https://mailarchive.ietf.org/arch/browse/dance/,active
dane,https://mailarchive.ietf.org/arch/browse/dane/,active
danish,https://mailarchive.ietf.org/arch/browse/danish/,active
dart,https://mailarchive.ietf.org/arch/browse/dart/,active
datatracker-rqmts,https://mailarchive.ietf.org/arch/browse/datatracker-rqmts/,active
dbound,https://mailarchive.ietf.org/arch/browse/dbound/,active
dc,https://mailarchive.ietf.org/arch/browse/dc/,active
dcpel,https://mailarchive.ietf.org/arch/browse/dcpel/,active
dcrg-interest,https://mailarchive.ietf.org/arch/browse/dcrg-interest/,active
dcrouting,https://mailarchive.ietf.org/arch/browse/dcrouting/,active
dcrup,https://mailarchive.ietf.org/arch/browse/dcrup/,active
detnet,https://mailarchive.ietf.org/arch/browse/detnet/,active
detnet-dp-dt,https://mailarchive.ietf.org/arch/browse/detnet-dp-dt/,active
detnet-edp-dt,https://mailarchive.ietf.org/arch/browse/detnet-edp-dt/,active
dhcpv6bis,https://mailarchive.ietf.org/arch/browse/dhcpv6bis/,active
dhcwg,https://mailarchive.ietf.org/arch/browse/dhcwg/,active
dime,https://mailarchive.ietf.org/arch/browse/dime/,active
din,https://mailarchive.ietf.org/arch/browse/din/,active
dir-coord,https://mailarchive.ietf.org/arch/browse/dir-coord/,active
disman,https://mailarchive.ietf.org/arch/browse/disman/,active
dispatch,https://mailarchive.ietf.org/arch/browse/dispatch/,active
diversity,https://mailarchive.ietf.org/arch/browse/diversity/,active
dix,https://mailarchive.ietf.org/arch/browse/dix/,active
dlnex,https://mailarchive.ietf.org/arch/browse/dlnex/,active
dlt-networking,https://mailarchive.ietf.org/arch/browse/dlt-networking/,active
dmarc,https://mailarchive.ietf.org/arch/browse/dmarc/,active
dmarc-report,https://mailarchive.ietf.org/arch/browse/dmarc-report/,active
dmm,https://mailarchive.ietf.org/arch/browse/dmm/,active
dna,https://mailarchive.ietf.org/arch/browse/dna/,active
dns-dir,https://mailarchive.ietf.org/arch/browse/dns-dir/,active
dns-privacy,https://mailarchive.ietf.org/arch/browse/dns-privacy/,active
dnsdir,https://mailarchive.ietf.org/arch/browse/dnsdir/,active
dnsext,https://mailarchive.ietf.org/arch/browse/dnsext/,active
dnsop,https://mailarchive.ietf.org/arch/browse/dnsop/,active
dnsoverhttp,https://mailarchive.ietf.org/arch/browse/dnsoverhttp/,active
dnssd,https://mailarchive.ietf.org/arch/browse/dnssd/,active
dnssec-bootstrapping,https://mailarchive.ietf.org/arch/browse/dnssec-bootstrapping/,active
doh,https://mailarchive.ietf.org/arch/browse/doh/,active
domain-test,https://mailarchive.ietf.org/arch/browse/domain-test/,active
domainrep,https://mailarchive.ietf.org/arch/browse/domainrep/,active
dots,https://mailarchive.ietf.org/arch/browse/dots/,active
drinks,https://mailarchive.ietf.org/arch/browse/drinks/,active
driu,https://mailarchive.ietf.org/arch/browse/driu/,active
dsfjdssdfsd,https://mailarchive.ietf.org/arch/browse/dsfjdssdfsd/,active
dtls-iot,https://mailarchive.ietf.org/arch/browse/dtls-iot/,active
dtn,https://mailarchive.ietf.org/arch/browse/dtn/,active
dtn-interest,https://mailarchive.ietf.org/arch/browse/dtn-interest/,active
dyncast,https://mailarchive.ietf.org/arch/browse/dyncast/,active
e-impact,https://mailarchive.ietf.org/arch/browse/e-impact/,active
e2ee,https://mailarchive.ietf.org/arch/browse/e2ee/,active
eapext,https://mailarchive.ietf.org/arch/browse/eapext/,active
earlywarning,https://mailarchive.ietf.org/arch/browse/earlywarning/,active
eat,https://mailarchive.ietf.org/arch/browse/eat/,active
ecn-in-quic,https://mailarchive.ietf.org/arch/browse/ecn-in-quic/,active
ecrit,https://mailarchive.ietf.org/arch/browse/ecrit/,active
edm,https://mailarchive.ietf.org/arch/browse/edm/,active
edu-discuss,https://mailarchive.ietf.org/arch/browse/edu-discuss/,active
edu-team,https://mailarchive.ietf.org/arch/browse/edu-team/,active
efficientnd-dt,https://mailarchive.ietf.org/arch/browse/efficientnd-dt/,active
ehip,https://mailarchive.ietf.org/arch/browse/ehip/,active
eligibility-discuss,https://mailarchive.ietf.org/arch/browse/eligibility-discuss/,active
emailcore,https://mailarchive.ietf.org/arch/browse/emailcore/,active
eman,https://mailarchive.ietf.org/arch/browse/eman/,active
eme,https://mailarchive.ietf.org/arch/browse/eme/,active
emo-dir,https://mailarchive.ietf.org/arch/browse/emo-dir/,active
emserv-discuss,https://mailarchive.ietf.org/arch/browse/emserv-discuss/,active
emu,https://mailarchive.ietf.org/arch/browse/emu/,active
endymail,https://mailarchive.ietf.org/arch/browse/endymail/,active
enum,https://mailarchive.ietf.org/arch/browse/enum/,active
errata-design,https://mailarchive.ietf.org/arch/browse/errata-design/,active
esds,https://mailarchive.ietf.org/arch/browse/esds/,active
etosat,https://mailarchive.ietf.org/arch/browse/etosat/,active
event-streaming,https://mailarchive.ietf.org/arch/browse/event-streaming/,active
evolving-documents,https://mailarchive.ietf.org/arch/browse/evolving-documents/,active
explicit-meas,https://mailarchive.ietf.org/arch/browse/explicit-meas/,active
extra,https://mailarchive.ietf.org/arch/browse/extra/,active
fdt,https://mailarchive.ietf.org/arch/browse/fdt/,active
fecframe-proto,https://mailarchive.ietf.org/arch/browse/fecframe-proto/,active
feeds,https://mailarchive.ietf.org/arch/browse/feeds/,active
flexip,https://mailarchive.ietf.org/arch/browse/flexip/,active
forces,https://mailarchive.ietf.org/arch/browse/forces/,active
forces-protocol,https://mailarchive.ietf.org/arch/browse/forces-protocol/,active
ftpext,https://mailarchive.ietf.org/arch/browse/ftpext/,active
fun,https://mailarchive.ietf.org/arch/browse/fun/,active
gaia,https://mailarchive.ietf.org/arch/browse/gaia/,active
gear,https://mailarchive.ietf.org/arch/browse/gear/,active
gen-art,https://mailarchive.ietf.org/arch/browse/gen-art/,active
gendispatch,https://mailarchive.ietf.org/arch/browse/gendispatch/,active
geojson,https://mailarchive.ietf.org/arch/browse/geojson/,active
geopriv,https://mailarchive.ietf.org/arch/browse/geopriv/,active
ggie,https://mailarchive.ietf.org/arch/browse/ggie/,active
grow,https://mailarchive.ietf.org/arch/browse/grow/,active
gsmp,https://mailarchive.ietf.org/arch/browse/gsmp/,active
hackathon,https://mailarchive.ietf.org/arch/browse/hackathon/,active
ham-ag,https://mailarchive.ietf.org/arch/browse/ham-ag/,active
hasmat,https://mailarchive.ietf.org/arch/browse/hasmat/,active
hiaps,https://mailarchive.ietf.org/arch/browse/hiaps/,active
hiccup,https://mailarchive.ietf.org/arch/browse/hiccup/,active
hipsec,https://mailarchive.ietf.org/arch/browse/hipsec/,active
hls-interest,https://mailarchive.ietf.org/arch/browse/hls-interest/,active
hokey,https://mailarchive.ietf.org/arch/browse/hokey/,active
homegate,https://mailarchive.ietf.org/arch/browse/homegate/,active
homenet,https://mailarchive.ietf.org/arch/browse/homenet/,active
homenet-babel-sec,https://mailarchive.ietf.org/arch/browse/homenet-babel-sec/,active
homesec-dt,https://mailarchive.ietf.org/arch/browse/homesec-dt/,active
hotrfc,https://mailarchive.ietf.org/arch/browse/hotrfc/,active
hr-rt,https://mailarchive.ietf.org/arch/browse/hr-rt/,active
hrpc,https://mailarchive.ietf.org/arch/browse/hrpc/,active
http-auth,https://mailarchive.ietf.org/arch/browse/http-auth/,active
http-devops,https://mailarchive.ietf.org/arch/browse/http-devops/,active
http-grease,https://mailarchive.ietf.org/arch/browse/http-grease/,active
http-issues,https://mailarchive.ietf.org/arch/browse/http-issues/,active
http-srv,https://mailarchive.ietf.org/arch/browse/http-srv/,active
http-state,https://mailarchive.ietf.org/arch/browse/http-state/,active
http-use,https://mailarchive.ietf.org/arch/browse/http-use/,active
http-well-known,https://mailarchive.ietf.org/arch/browse/http-well-known/,active
httpapi,https://mailarchive.ietf.org/arch/browse/httpapi/,active
httpbisa,https://mailarchive.ietf.org/arch/browse/httpbisa/,active
httpmail,https://mailarchive.ietf.org/arch/browse/httpmail/,active
httpstreaming,https://mailarchive.ietf.org/arch/browse/httpstreaming/,active
hubmib,https://mailarchive.ietf.org/arch/browse/hubmib/,active
humanresolvers,https://mailarchive.ietf.org/arch/browse/humanresolvers/,active
hybi,https://mailarchive.ietf.org/arch/browse/hybi/,active
i-d-announce,https://mailarchive.ietf.org/arch/browse/i-d-announce/,active
i18n-discuss,https://mailarchive.ietf.org/arch/browse/i18n-discuss/,active
i18ndir,https://mailarchive.ietf.org/arch/browse/i18ndir/,active
i18nrp,https://mailarchive.ietf.org/arch/browse/i18nrp/,active
i2nsf,https://mailarchive.ietf.org/arch/browse/i2nsf/,active
i2rs,https://mailarchive.ietf.org/arch/browse/i2rs/,active
iad20,https://mailarchive.ietf.org/arch/browse/iad20/,active
ianaplan,https://mailarchive.ietf.org/arch/browse/ianaplan/,active
iasa20,https://mailarchive.ietf.org/arch/browse/iasa20/,active
ibnemo,https://mailarchive.ietf.org/arch/browse/ibnemo/,active
icalendar,https://mailarchive.ietf.org/arch/browse/icalendar/,active
iccrg,https://mailarchive.ietf.org/arch/browse/iccrg/,active
ice,https://mailarchive.ietf.org/arch/browse/ice/,active
icnrg,https://mailarchive.ietf.org/arch/browse/icnrg/,active
icnrg-harmonization,https://mailarchive.ietf.org/arch/browse/icnrg-harmonization/,active
id-event,https://mailarchive.ietf.org/arch/browse/id-event/,active
ideas,https://mailarchive.ietf.org/arch/browse/ideas/,active
ideas-discuss,https://mailarchive.ietf.org/arch/browse/ideas-discuss/,active
idna-update,https://mailarchive.ietf.org/arch/browse/idna-update/,active
idnet,https://mailarchive.ietf.org/arch/browse/idnet/,active
idr,https://mailarchive.ietf.org/arch/browse/idr/,active
ieee-ietf-coord,https://mailarchive.ietf.org/arch/browse/ieee-ietf-coord/,active
iesg-agenda-dist,https://mailarchive.ietf.org/arch/browse/iesg-agenda-dist/,active
ietf,https://mailarchive.ietf.org/arch/browse/ietf/,active
ietf-822,https://mailarchive.ietf.org/arch/browse/ietf-822/,active
ietf-and-github,https://mailarchive.ietf.org/arch/browse/ietf-and-github/,active
ietf-announce,https://mailarchive.ietf.org/arch/browse/ietf-announce/,active
ietf-community-india,https://mailarchive.ietf.org/arch/browse/ietf-community-india/,active
ietf-cycling,https://mailarchive.ietf.org/arch/browse/ietf-cycling/,active
ietf-dkim,https://mailarchive.ietf.org/arch/browse/ietf-dkim/,active
ietf-hub-bangalore,https://mailarchive.ietf.org/arch/browse/ietf-hub-bangalore/,active
ietf-hub-boston,https://mailarchive.ietf.org/arch/browse/ietf-hub-boston/,active
ietf-languages,https://mailarchive.ietf.org/arch/browse/ietf-languages/,active
ietf-meetings,https://mailarchive.ietf.org/arch/browse/ietf-meetings/,active
ietf-mentees,https://mailarchive.ietf.org/arch/browse/ietf-mentees/,active
ietf-mentoring-discuss,https://mailarchive.ietf.org/arch/browse/ietf-mentoring-discuss/,active
ietf-mentors,https://mailarchive.ietf.org/arch/browse/ietf-mentors/,active
ietf-message-headers,https://mailarchive.ietf.org/arch/browse/ietf-message-headers/,active
ietf-nomcom,https://mailarchive.ietf.org/arch/browse/ietf-nomcom/,active
ietf-outcomes,https://mailarchive.ietf.org/arch/browse/ietf-outcomes/,active
ietf-privacy,https://mailarchive.ietf.org/arch/browse/ietf-privacy/,active
ietf-runners,https://mailarchive.ietf.org/arch/browse/ietf-runners/,active
ietf-sailors,https://mailarchive.ietf.org/arch/browse/ietf-sailors/,active
ietf-smtp,https://mailarchive.ietf.org/arch/browse/ietf-smtp/,active
ietf-sow,https://mailarchive.ietf.org/arch/browse/ietf-sow/,active
ietf-surveys,https://mailarchive.ietf.org/arch/browse/ietf-surveys/,active
ietf-types,https://mailarchive.ietf.org/arch/browse/ietf-types/,active
ietf108planning,https://mailarchive.ietf.org/arch/browse/ietf108planning/,active
ietf109-team,https://mailarchive.ietf.org/arch/browse/ietf109-team/,active
ietf79-1st-timers,https://mailarchive.ietf.org/arch/browse/ietf79-1st-timers/,active
ietf80-1st-timers,https://mailarchive.ietf.org/arch/browse/ietf80-1st-timers/,active
ietfmibs,https://mailarchive.ietf.org/arch/browse/ietfmibs/,active
igmp-mld-bis,https://mailarchive.ietf.org/arch/browse/igmp-mld-bis/,active
ila,https://mailarchive.ietf.org/arch/browse/ila/,active
ilc,https://mailarchive.ietf.org/arch/browse/ilc/,active
ima,https://mailarchive.ietf.org/arch/browse/ima/,active
imap5,https://mailarchive.ietf.org/arch/browse/imap5/,active
imapext,https://mailarchive.ietf.org/arch/browse/imapext/,active
imrg,https://mailarchive.ietf.org/arch/browse/imrg/,active
imss,https://mailarchive.ietf.org/arch/browse/imss/,active
independent,https://mailarchive.ietf.org/arch/browse/independent/,active
inip-discuss,https://mailarchive.ietf.org/arch/browse/inip-discuss/,active
insipid,https://mailarchive.ietf.org/arch/browse/insipid/,active
int-area,https://mailarchive.ietf.org/arch/browse/int-area/,active
int-dir,https://mailarchive.ietf.org/arch/browse/int-dir/,active
internetgovtech,https://mailarchive.ietf.org/arch/browse/internetgovtech/,active
inventory-yang,https://mailarchive.ietf.org/arch/browse/inventory-yang/,active
ioam,https://mailarchive.ietf.org/arch/browse/ioam/,active
iot-directorate,https://mailarchive.ietf.org/arch/browse/iot-directorate/,active
iot-onboarding,https://mailarchive.ietf.org/arch/browse/iot-onboarding/,active
iotops,https://mailarchive.ietf.org/arch/browse/iotops/,active
iotsi,https://mailarchive.ietf.org/arch/browse/iotsi/,active
ipcdn,https://mailarchive.ietf.org/arch/browse/ipcdn/,active
ipfix,https://mailarchive.ietf.org/arch/browse/ipfix/,active
ipoverib,https://mailarchive.ietf.org/arch/browse/ipoverib/,active
ipp,https://mailarchive.ietf.org/arch/browse/ipp/,active
ippm,https://mailarchive.ietf.org/arch/browse/ippm/,active
ippm-ioam-ix-dt,https://mailarchive.ietf.org/arch/browse/ippm-ioam-ix-dt/,active
ipr-announce,https://mailarchive.ietf.org/arch/browse/ipr-announce/,active
ipr-wg,https://mailarchive.ietf.org/arch/browse/ipr-wg/,active
ips,https://mailarchive.ietf.org/arch/browse/ips/,active
ipsec,https://mailarchive.ietf.org/arch/browse/ipsec/,active
iptel,https://mailarchive.ietf.org/arch/browse/iptel/,active
ipv6,https://mailarchive.ietf.org/arch/browse/ipv6/,active
ire,https://mailarchive.ietf.org/arch/browse/ire/,active
irnss,https://mailarchive.ietf.org/arch/browse/irnss/,active
irs-discuss,https://mailarchive.ietf.org/arch/browse/irs-discuss/,active
irtf-announce,https://mailarchive.ietf.org/arch/browse/irtf-announce/,active
irtf-discuss,https://mailarchive.ietf.org/arch/browse/irtf-discuss/,active
ischedule,https://mailarchive.ietf.org/arch/browse/ischedule/,active
isis-wg,https://mailarchive.ietf.org/arch/browse/isis-wg/,active
isms,https://mailarchive.ietf.org/arch/browse/isms/,active
it-test,https://mailarchive.ietf.org/arch/browse/it-test/,active
its,https://mailarchive.ietf.org/arch/browse/its/,active
itu+ietf,https://mailarchive.ietf.org/arch/browse/itu+ietf/,active
iucg,https://mailarchive.ietf.org/arch/browse/iucg/,active
jcardcal,https://mailarchive.ietf.org/arch/browse/jcardcal/,active
jmap,https://mailarchive.ietf.org/arch/browse/jmap/,active
jose,https://mailarchive.ietf.org/arch/browse/jose/,active
jose-reg-review,https://mailarchive.ietf.org/arch/browse/jose-reg-review/,active
json,https://mailarchive.ietf.org/arch/browse/json/,active
json-canon,https://mailarchive.ietf.org/arch/browse/json-canon/,active
jsonpath,https://mailarchive.ietf.org/arch/browse/jsonpath/,active
justfont,https://mailarchive.ietf.org/arch/browse/justfont/,active
jwt-reg-review,https://mailarchive.ietf.org/arch/browse/jwt-reg-review/,active
kaml,https://mailarchive.ietf.org/arch/browse/kaml/,active
karp,https://mailarchive.ietf.org/arch/browse/karp/,active
keyassure,https://mailarchive.ietf.org/arch/browse/keyassure/,active
keyprov,https://mailarchive.ietf.org/arch/browse/keyprov/,active
keytrans,https://mailarchive.ietf.org/arch/browse/keytrans/,active
kitten,https://mailarchive.ietf.org/arch/browse/kitten/,active
krb-wg,https://mailarchive.ietf.org/arch/browse/krb-wg/,active
l1vpn,https://mailarchive.ietf.org/arch/browse/l1vpn/,active
l2sm,https://mailarchive.ietf.org/arch/browse/l2sm/,active
l2tpext,https://mailarchive.ietf.org/arch/browse/l2tpext/,active
l2vpn,https://mailarchive.ietf.org/arch/browse/l2vpn/,active
l3sm,https://mailarchive.ietf.org/arch/browse/l3sm/,active
l4s-discuss,https://mailarchive.ietf.org/arch/browse/l4s-discuss/,active
lager,https://mailarchive.ietf.org/arch/browse/lager/,active
lake,https://mailarchive.ietf.org/arch/browse/lake/,active
last-call,https://mailarchive.ietf.org/arch/browse/last-call/,active
ldap-dir,https://mailarchive.ietf.org/arch/browse/ldap-dir/,active
ldapext,https://mailarchive.ietf.org/arch/browse/ldapext/,active
ledbat,https://mailarchive.ietf.org/arch/browse/ledbat/,active
ledger,https://mailarchive.ietf.org/arch/browse/ledger/,active
lemonade,https://mailarchive.ietf.org/arch/browse/lemonade/,active
lime,https://mailarchive.ietf.org/arch/browse/lime/,active
link-relations,https://mailarchive.ietf.org/arch/browse/link-relations/,active
lisp,https://mailarchive.ietf.org/arch/browse/lisp/,active
llc-consultation,https://mailarchive.ietf.org/arch/browse/llc-consultation/,active
lln-futures,https://mailarchive.ietf.org/arch/browse/lln-futures/,active
lmap,https://mailarchive.ietf.org/arch/browse/lmap/,active
loops,https://mailarchive.ietf.org/arch/browse/loops/,active
lp-wan,https://mailarchive.ietf.org/arch/browse/lp-wan/,active
lsd,https://mailarchive.ietf.org/arch/browse/lsd/,active
lsr,https://mailarchive.ietf.org/arch/browse/lsr/,active
lsvr,https://mailarchive.ietf.org/arch/browse/lsvr/,active
ltans,https://mailarchive.ietf.org/arch/browse/ltans/,active
ltru,https://mailarchive.ietf.org/arch/browse/ltru/,active
lucid,https://mailarchive.ietf.org/arch/browse/lucid/,active
lurk,https://mailarchive.ietf.org/arch/browse/lurk/,active
lwip,https://mailarchive.ietf.org/arch/browse/lwip/,active
madinas,https://mailarchive.ietf.org/arch/browse/madinas/,active
magma,https://mailarchive.ietf.org/arch/browse/magma/,active
mailsec,https://mailarchive.ietf.org/arch/browse/mailsec/,active
maitai,https://mailarchive.ietf.org/arch/browse/maitai/,active
malloc,https://mailarchive.ietf.org/arch/browse/malloc/,active
manet,https://mailarchive.ietf.org/arch/browse/manet/,active
manycouches,https://mailarchive.ietf.org/arch/browse/manycouches/,active
maprg,https://mailarchive.ietf.org/arch/browse/maprg/,active
marf,https://mailarchive.ietf.org/arch/browse/marf/,active
marnew,https://mailarchive.ietf.org/arch/browse/marnew/,active
martini,https://mailarchive.ietf.org/arch/browse/martini/,active
masque,https://mailarchive.ietf.org/arch/browse/masque/,active
mathmesh,https://mailarchive.ietf.org/arch/browse/mathmesh/,active
mavs,https://mailarchive.ietf.org/arch/browse/mavs/,active
mboned,https://mailarchive.ietf.org/arch/browse/mboned/,active
mcast-wifi,https://mailarchive.ietf.org/arch/browse/mcast-wifi/,active
mcic,https://mailarchive.ietf.org/arch/browse/mcic/,active
mdnsext,https://mailarchive.ietf.org/arch/browse/mdnsext/,active
media-feature-tags,https://mailarchive.ietf.org/arch/browse/media-feature-tags/,active
media-types,https://mailarchive.ietf.org/arch/browse/media-types/,active
mediactrl,https://mailarchive.ietf.org/arch/browse/mediactrl/,active
medup,https://mailarchive.ietf.org/arch/browse/medup/,active
megaco,https://mailarchive.ietf.org/arch/browse/megaco/,active
mentoring-coordinators,https://mailarchive.ietf.org/arch/browse/mentoring-coordinators/,active
metaverse,https://mailarchive.ietf.org/arch/browse/metaverse/,active
mext,https://mailarchive.ietf.org/arch/browse/mext/,active
mib-doctors,https://mailarchive.ietf.org/arch/browse/mib-doctors/,active
mib2rdml,https://mailarchive.ietf.org/arch/browse/mib2rdml/,active
midcom,https://mailarchive.ietf.org/arch/browse/midcom/,active
middisc,https://mailarchive.ietf.org/arch/browse/middisc/,active
mif,https://mailarchive.ietf.org/arch/browse/mif/,active
mif-arch-dt,https://mailarchive.ietf.org/arch/browse/mif-arch-dt/,active
mile,https://mailarchive.ietf.org/arch/browse/mile/,active
mimi,https://mailarchive.ietf.org/arch/browse/mimi/,active
mip6,https://mailarchive.ietf.org/arch/browse/mip6/,active
mipshop,https://mailarchive.ietf.org/arch/browse/mipshop/,active
mipshop-mih-dt,https://mailarchive.ietf.org/arch/browse/mipshop-mih-dt/,active
mls,https://mailarchive.ietf.org/arch/browse/mls/,active
mmox,https://mailarchive.ietf.org/arch/browse/mmox/,active
mmusic,https://mailarchive.ietf.org/arch/browse/mmusic/,active
mobopts,https://mailarchive.ietf.org/arch/browse/mobopts/,active
model-t,https://mailarchive.ietf.org/arch/browse/model-t/,active
modern,https://mailarchive.ietf.org/arch/browse/modern/,active
monami6,https://mailarchive.ietf.org/arch/browse/monami6/,active
mops,https://mailarchive.ietf.org/arch/browse/mops/,active
moq,https://mailarchive.ietf.org/arch/browse/moq/,active
morg,https://mailarchive.ietf.org/arch/browse/morg/,active
mpls,https://mailarchive.ietf.org/arch/browse/mpls/,active
mpls-interop,https://mailarchive.ietf.org/arch/browse/mpls-interop/,active
mpls-review,https://mailarchive.ietf.org/arch/browse/mpls-review/,active
mpvdapi,https://mailarchive.ietf.org/arch/browse/mpvdapi/,active
msec,https://mailarchive.ietf.org/arch/browse/msec/,active
msr6,https://mailarchive.ietf.org/arch/browse/msr6/,active
mtg-guests,https://mailarchive.ietf.org/arch/browse/mtg-guests/,active
mtgvenue,https://mailarchive.ietf.org/arch/browse/mtgvenue/,active
mud,https://mailarchive.ietf.org/arch/browse/mud/,active
multiformats,https://mailarchive.ietf.org/arch/browse/multiformats/,active
multimob,https://mailarchive.ietf.org/arch/browse/multimob/,active
multimobsec-api,https://mailarchive.ietf.org/arch/browse/multimobsec-api/,active
multipathtcp,https://mailarchive.ietf.org/arch/browse/multipathtcp/,active
multrans,https://mailarchive.ietf.org/arch/browse/multrans/,active
nat66,https://mailarchive.ietf.org/arch/browse/nat66/,active
nea,https://mailarchive.ietf.org/arch/browse/nea/,active
nemo,https://mailarchive.ietf.org/arch/browse/nemo/,active
netconf,https://mailarchive.ietf.org/arch/browse/netconf/,active
netext,https://mailarchive.ietf.org/arch/browse/netext/,active
nethistory,https://mailarchive.ietf.org/arch/browse/nethistory/,active
netlmm,https://mailarchive.ietf.org/arch/browse/netlmm/,active
netmod,https://mailarchive.ietf.org/arch/browse/netmod/,active
netmod-ver-dt,https://mailarchive.ietf.org/arch/browse/netmod-ver-dt/,active
netrqmts,https://mailarchive.ietf.org/arch/browse/netrqmts/,active
netslices,https://mailarchive.ietf.org/arch/browse/netslices/,active
network-tokens,https://mailarchive.ietf.org/arch/browse/network-tokens/,active
new-wg-docs,https://mailarchive.ietf.org/arch/browse/new-wg-docs/,active
newprep,https://mailarchive.ietf.org/arch/browse/newprep/,active
newsclips,https://mailarchive.ietf.org/arch/browse/newsclips/,active
nfsv4,https://mailarchive.ietf.org/arch/browse/nfsv4/,active
nfvcon,https://mailarchive.ietf.org/arch/browse/nfvcon/,active
nfvrg,https://mailarchive.ietf.org/arch/browse/nfvrg/,active
ngo,https://mailarchive.ietf.org/arch/browse/ngo/,active
nmrg,https://mailarchive.ietf.org/arch/browse/nmrg/,active
nntpext,https://mailarchive.ietf.org/arch/browse/nntpext/,active
notifications,https://mailarchive.ietf.org/arch/browse/notifications/,active
nsaas,https://mailarchive.ietf.org/arch/browse/nsaas/,active
nsis,https://mailarchive.ietf.org/arch/browse/nsis/,active
nsis-imp,https://mailarchive.ietf.org/arch/browse/nsis-imp/,active
ntdp,https://mailarchive.ietf.org/arch/browse/ntdp/,active
ntp,https://mailarchive.ietf.org/arch/browse/ntp/,active
ntpwg,https://mailarchive.ietf.org/arch/browse/ntpwg/,active
nvo3,https://mailarchive.ietf.org/arch/browse/nvo3/,active
nvo3-dt-encap,https://mailarchive.ietf.org/arch/browse/nvo3-dt-encap/,active
nwcrg,https://mailarchive.ietf.org/arch/browse/nwcrg/,active
oam,https://mailarchive.ietf.org/arch/browse/oam/,active
oarh,https://mailarchive.ietf.org/arch/browse/oarh/,active
oauth,https://mailarchive.ietf.org/arch/browse/oauth/,active
oauth-ext-review,https://mailarchive.ietf.org/arch/browse/oauth-ext-review/,active
obscurity-interest,https://mailarchive.ietf.org/arch/browse/obscurity-interest/,active
off-path-bof,https://mailarchive.ietf.org/arch/browse/off-path-bof/,active
ogpx,https://mailarchive.ietf.org/arch/browse/ogpx/,active
ohai,https://mailarchive.ietf.org/arch/browse/ohai/,active
ohttp,https://mailarchive.ietf.org/arch/browse/ohttp/,active
omcast,https://mailarchive.ietf.org/arch/browse/omcast/,active
openpgp,https://mailarchive.ietf.org/arch/browse/openpgp/,active
openpgp-dt,https://mailarchive.ietf.org/arch/browse/openpgp-dt/,active
openv6,https://mailarchive.ietf.org/arch/browse/openv6/,active
ops-area,https://mailarchive.ietf.org/arch/browse/ops-area/,active
ops-nm,https://mailarchive.ietf.org/arch/browse/ops-nm/,active
opsawg,https://mailarchive.ietf.org/arch/browse/opsawg/,active
opsec,https://mailarchive.ietf.org/arch/browse/opsec/,active
ospf,https://mailarchive.ietf.org/arch/browse/ospf/,active
oud,https://mailarchive.ietf.org/arch/browse/oud/,active
p2pi,https://mailarchive.ietf.org/arch/browse/p2pi/,active
p2psip,https://mailarchive.ietf.org/arch/browse/p2psip/,active
pals,https://mailarchive.ietf.org/arch/browse/pals/,active
pana,https://mailarchive.ietf.org/arch/browse/pana/,active
panic,https://mailarchive.ietf.org/arch/browse/panic/,active
panrg,https://mailarchive.ietf.org/arch/browse/panrg/,active
patient,https://mailarchive.ietf.org/arch/browse/patient/,active
paw,https://mailarchive.ietf.org/arch/browse/paw/,active
paws,https://mailarchive.ietf.org/arch/browse/paws/,active
payload,https://mailarchive.ietf.org/arch/browse/payload/,active
pce,https://mailarchive.ietf.org/arch/browse/pce/,active
pcn,https://mailarchive.ietf.org/arch/browse/pcn/,active
pearg,https://mailarchive.ietf.org/arch/browse/pearg/,active
peppermint,https://mailarchive.ietf.org/arch/browse/peppermint/,active
perc,https://mailarchive.ietf.org/arch/browse/perc/,active
perpass,https://mailarchive.ietf.org/arch/browse/perpass/,active
pidloc,https://mailarchive.ietf.org/arch/browse/pidloc/,active
pilots-ag,https://mailarchive.ietf.org/arch/browse/pilots-ag/,active
pim,https://mailarchive.ietf.org/arch/browse/pim/,active
pkix,https://mailarchive.ietf.org/arch/browse/pkix/,active
pkng,https://mailarchive.ietf.org/arch/browse/pkng/,active
plasma,https://mailarchive.ietf.org/arch/browse/plasma/,active
plus,https://mailarchive.ietf.org/arch/browse/plus/,active
pm-dir,https://mailarchive.ietf.org/arch/browse/pm-dir/,active
pmol,https://mailarchive.ietf.org/arch/browse/pmol/,active
pntaw,https://mailarchive.ietf.org/arch/browse/pntaw/,active
pop3ext,https://mailarchive.ietf.org/arch/browse/pop3ext/,active
port-srv-reg,https://mailarchive.ietf.org/arch/browse/port-srv-reg/,active
ports-team-internal,https://mailarchive.ietf.org/arch/browse/ports-team-internal/,active
posh,https://mailarchive.ietf.org/arch/browse/posh/,active
ppm,https://mailarchive.ietf.org/arch/browse/ppm/,active
pppext,https://mailarchive.ietf.org/arch/browse/pppext/,active
ppsp,https://mailarchive.ietf.org/arch/browse/ppsp/,active
pqc,https://mailarchive.ietf.org/arch/browse/pqc/,active
precis,https://mailarchive.ietf.org/arch/browse/precis/,active
privacy-pass,https://mailarchive.ietf.org/arch/browse/privacy-pass/,active
privacydir,https://mailarchive.ietf.org/arch/browse/privacydir/,active
privsec-discuss,https://mailarchive.ietf.org/arch/browse/privsec-discuss/,active
provreg,https://mailarchive.ietf.org/arch/browse/provreg/,active
proxies,https://mailarchive.ietf.org/arch/browse/proxies/,active
psamp,https://mailarchive.ietf.org/arch/browse/psamp/,active
pwe3,https://mailarchive.ietf.org/arch/browse/pwe3/,active
pwot,https://mailarchive.ietf.org/arch/browse/pwot/,active
qirg,https://mailarchive.ietf.org/arch/browse/qirg/,active
qlog,https://mailarchive.ietf.org/arch/browse/qlog/,active
qos_inband,https://mailarchive.ietf.org/arch/browse/qos_inband/,active
quic,https://mailarchive.ietf.org/arch/browse/quic/,active
quic-issues,https://mailarchive.ietf.org/arch/browse/quic-issues/,active
radext,https://mailarchive.ietf.org/arch/browse/radext/,active
radir,https://mailarchive.ietf.org/arch/browse/radir/,active
rai-discuss,https://mailarchive.ietf.org/arch/browse/rai-discuss/,active
ram,https://mailarchive.ietf.org/arch/browse/ram/,active
ranger,https://mailarchive.ietf.org/arch/browse/ranger/,active
rap,https://mailarchive.ietf.org/arch/browse/rap/,active
rasprg,https://mailarchive.ietf.org/arch/browse/rasprg/,active
rats,https://mailarchive.ietf.org/arch/browse/rats/,active
raw,https://mailarchive.ietf.org/arch/browse/raw/,active
rddp,https://mailarchive.ietf.org/arch/browse/rddp/,active
rdma-cc-interest,https://mailarchive.ietf.org/arch/browse/rdma-cc-interest/,active
re-ecn,https://mailarchive.ietf.org/arch/browse/re-ecn/,active
reap,https://mailarchive.ietf.org/arch/browse/reap/,active
recentattendees,https://mailarchive.ietf.org/arch/browse/recentattendees/,active
recipe,https://mailarchive.ietf.org/arch/browse/recipe/,active
regext,https://mailarchive.ietf.org/arch/browse/regext/,active
remoteui,https://mailarchive.ietf.org/arch/browse/remoteui/,active
renum,https://mailarchive.ietf.org/arch/browse/renum/,active
resolverless-dns,https://mailarchive.ietf.org/arch/browse/resolverless-dns/,active
revampers,https://mailarchive.ietf.org/arch/browse/revampers/,active
rfc-dist,https://mailarchive.ietf.org/arch/browse/rfc-dist/,active
rfc-interest,https://mailarchive.ietf.org/arch/browse/rfc-interest/,active
rfc-markdown,https://mailarchive.ietf.org/arch/browse/rfc-markdown/,active
rfc6761bis,https://mailarchive.ietf.org/arch/browse/rfc6761bis/,active
rfced-future,https://mailarchive.ietf.org/arch/browse/rfced-future/,active
rfp-announce,https://mailarchive.ietf.org/arch/browse/rfp-announce/,active
rift,https://mailarchive.ietf.org/arch/browse/rift/,active
rip,https://mailarchive.ietf.org/arch/browse/rip/,active
rmcat,https://mailarchive.ietf.org/arch/browse/rmcat/,active
rohc,https://mailarchive.ietf.org/arch/browse/rohc/,active
roll,https://mailarchive.ietf.org/arch/browse/roll/,active
roll-bier-dt,https://mailarchive.ietf.org/arch/browse/roll-bier-dt/,active
routing-discussion,https://mailarchive.ietf.org/arch/browse/routing-discussion/,active
rpat,https://mailarchive.ietf.org/arch/browse/rpat/,active
rps,https://mailarchive.ietf.org/arch/browse/rps/,active
rpsec,https://mailarchive.ietf.org/arch/browse/rpsec/,active
rsab,https://mailarchive.ietf.org/arch/browse/rsab/,active
rserpool,https://mailarchive.ietf.org/arch/browse/rserpool/,active
rsn,https://mailarchive.ietf.org/arch/browse/rsn/,active
rsvp-dir,https://mailarchive.ietf.org/arch/browse/rsvp-dir/,active
rswg,https://mailarchive.ietf.org/arch/browse/rswg/,active
rt-media-ng,https://mailarchive.ietf.org/arch/browse/rt-media-ng/,active
rtcweb,https://mailarchive.ietf.org/arch/browse/rtcweb/,active
rtg-bfd,https://mailarchive.ietf.org/arch/browse/rtg-bfd/,active
rtg-dir,https://mailarchive.ietf.org/arch/browse/rtg-dir/,active
rtg-dt-encap-considerations,https://mailarchive.ietf.org/arch/browse/rtg-dt-encap-considerations/,active
rtg-ooam-dt,https://mailarchive.ietf.org/arch/browse/rtg-ooam-dt/,active
rtg-open-source,https://mailarchive.ietf.org/arch/browse/rtg-open-source/,active
rtg-yang-coord,https://mailarchive.ietf.org/arch/browse/rtg-yang-coord/,active
rtgwg,https://mailarchive.ietf.org/arch/browse/rtgwg/,active
rum,https://mailarchive.ietf.org/arch/browse/rum/,active
run,https://mailarchive.ietf.org/arch/browse/run/,active
saad,https://mailarchive.ietf.org/arch/browse/saad/,active
saag,https://mailarchive.ietf.org/arch/browse/saag/,active
sacm,https://mailarchive.ietf.org/arch/browse/sacm/,active
safe,https://mailarchive.ietf.org/arch/browse/safe/,active
salud,https://mailarchive.ietf.org/arch/browse/salud/,active
sami,https://mailarchive.ietf.org/arch/browse/sami/,active
sandbox-mailoutput,https://mailarchive.ietf.org/arch/browse/sandbox-mailoutput/,active
sasl,https://mailarchive.ietf.org/arch/browse/sasl/,active
sat,https://mailarchive.ietf.org/arch/browse/sat/,active
sat-int,https://mailarchive.ietf.org/arch/browse/sat-int/,active
savi,https://mailarchive.ietf.org/arch/browse/savi/,active
savnet,https://mailarchive.ietf.org/arch/browse/savnet/,active
scap_interest,https://mailarchive.ietf.org/arch/browse/scap_interest/,active
schc,https://mailarchive.ietf.org/arch/browse/schc/,active
scim,https://mailarchive.ietf.org/arch/browse/scim/,active
scitt,https://mailarchive.ietf.org/arch/browse/scitt/,active
scsn,https://mailarchive.ietf.org/arch/browse/scsn/,active
scuba-ag,https://mailarchive.ietf.org/arch/browse/scuba-ag/,active
sdwan-sec,https://mailarchive.ietf.org/arch/browse/sdwan-sec/,active
secdir,https://mailarchive.ietf.org/arch/browse/secdir/,active
secdispatch,https://mailarchive.ietf.org/arch/browse/secdispatch/,active
secret,https://mailarchive.ietf.org/arch/browse/secret/,active
secretariat-2012,https://mailarchive.ietf.org/arch/browse/secretariat-2012/,active
secsh,https://mailarchive.ietf.org/arch/browse/secsh/,active
sedate,https://mailarchive.ietf.org/arch/browse/sedate/,active
sfc,https://mailarchive.ietf.org/arch/browse/sfc/,active
sframe,https://mailarchive.ietf.org/arch/browse/sframe/,active
shara,https://mailarchive.ietf.org/arch/browse/shara/,active
shim6,https://mailarchive.ietf.org/arch/browse/shim6/,active
shutup,https://mailarchive.ietf.org/arch/browse/shutup/,active
sica,https://mailarchive.ietf.org/arch/browse/sica/,active
sidr,https://mailarchive.ietf.org/arch/browse/sidr/,active
sidrops,https://mailarchive.ietf.org/arch/browse/sidrops/,active
siesta,https://mailarchive.ietf.org/arch/browse/siesta/,active
sieve,https://mailarchive.ietf.org/arch/browse/sieve/,active
sigtran,https://mailarchive.ietf.org/arch/browse/sigtran/,active
simple,https://mailarchive.ietf.org/arch/browse/simple/,active
sip-clf,https://mailarchive.ietf.org/arch/browse/sip-clf/,active
sip-http-events,https://mailarchive.ietf.org/arch/browse/sip-http-events/,active
sip-ops,https://mailarchive.ietf.org/arch/browse/sip-ops/,active
sipbrandy,https://mailarchive.ietf.org/arch/browse/sipbrandy/,active
sipcore,https://mailarchive.ietf.org/arch/browse/sipcore/,active
sipping,https://mailarchive.ietf.org/arch/browse/sipping/,active
siprec,https://mailarchive.ietf.org/arch/browse/siprec/,active
sixpac,https://mailarchive.ietf.org/arch/browse/sixpac/,active
slim,https://mailarchive.ietf.org/arch/browse/slim/,active
smart,https://mailarchive.ietf.org/arch/browse/smart/,active
smartobject-interest,https://mailarchive.ietf.org/arch/browse/smartobject-interest/,active
smartobjectdir,https://mailarchive.ietf.org/arch/browse/smartobjectdir/,active
smartpower-interest,https://mailarchive.ietf.org/arch/browse/smartpower-interest/,active
smartpowerdir,https://mailarchive.ietf.org/arch/browse/smartpowerdir/,active
smime,https://mailarchive.ietf.org/arch/browse/smime/,active
sming,https://mailarchive.ietf.org/arch/browse/sming/,active
sml,https://mailarchive.ietf.org/arch/browse/sml/,active
snac,https://mailarchive.ietf.org/arch/browse/snac/,active
softwires,https://mailarchive.ietf.org/arch/browse/softwires/,active
solace,https://mailarchive.ietf.org/arch/browse/solace/,active
sop,https://mailarchive.ietf.org/arch/browse/sop/,active
spam,https://mailarchive.ietf.org/arch/browse/spam/,active
spasm,https://mailarchive.ietf.org/arch/browse/spasm/,active
spb-isis,https://mailarchive.ietf.org/arch/browse/spb-isis/,active
speechsc,https://mailarchive.ietf.org/arch/browse/speechsc/,active
speermint,https://mailarchive.ietf.org/arch/browse/speermint/,active
spfbis,https://mailarchive.ietf.org/arch/browse/spfbis/,active
spkm,https://mailarchive.ietf.org/arch/browse/spkm/,active
splices,https://mailarchive.ietf.org/arch/browse/splices/,active
spring,https://mailarchive.ietf.org/arch/browse/spring/,active
spud,https://mailarchive.ietf.org/arch/browse/spud/,active
srcomp,https://mailarchive.ietf.org/arch/browse/srcomp/,active
ssh,https://mailarchive.ietf.org/arch/browse/ssh/,active
sshmgmt,https://mailarchive.ietf.org/arch/browse/sshmgmt/,active
ssm,https://mailarchive.ietf.org/arch/browse/ssm/,active
stackevo,https://mailarchive.ietf.org/arch/browse/stackevo/,active
stackevo-discuss,https://mailarchive.ietf.org/arch/browse/stackevo-discuss/,active
stir,https://mailarchive.ietf.org/arch/browse/stir/,active
storagesync,https://mailarchive.ietf.org/arch/browse/storagesync/,active
storm,https://mailarchive.ietf.org/arch/browse/storm/,active
story-telling-ag,https://mailarchive.ietf.org/arch/browse/story-telling-ag/,active
suit,https://mailarchive.ietf.org/arch/browse/suit/,active
sunset4,https://mailarchive.ietf.org/arch/browse/sunset4/,active
supa,https://mailarchive.ietf.org/arch/browse/supa/,active
svt,https://mailarchive.ietf.org/arch/browse/svt/,active
swmp,https://mailarchive.ietf.org/arch/browse/swmp/,active
syslog,https://mailarchive.ietf.org/arch/browse/syslog/,active
t2trg,https://mailarchive.ietf.org/arch/browse/t2trg/,active
tae,https://mailarchive.ietf.org/arch/browse/tae/,active
tana,https://mailarchive.ietf.org/arch/browse/tana/,active
tao-discuss,https://mailarchive.ietf.org/arch/browse/tao-discuss/,active
tap,https://mailarchive.ietf.org/arch/browse/tap/,active
taps,https://mailarchive.ietf.org/arch/browse/taps/,active
tcpinc,https://mailarchive.ietf.org/arch/browse/tcpinc/,active
tcpm,https://mailarchive.ietf.org/arch/browse/tcpm/,active
tcppep,https://mailarchive.ietf.org/arch/browse/tcppep/,active
tcpprague,https://mailarchive.ietf.org/arch/browse/tcpprague/,active
teaching,https://mailarchive.ietf.org/arch/browse/teaching/,active
teas,https://mailarchive.ietf.org/arch/browse/teas/,active
teas-3272bis-design-team,https://mailarchive.ietf.org/arch/browse/teas-3272bis-design-team/,active
teas-ns-dt,https://mailarchive.ietf.org/arch/browse/teas-ns-dt/,active
teep,https://mailarchive.ietf.org/arch/browse/teep/,active
terminology,https://mailarchive.ietf.org/arch/browse/terminology/,active
ternli,https://mailarchive.ietf.org/arch/browse/ternli/,active
testlist,https://mailarchive.ietf.org/arch/browse/testlist/,active
therightkey,https://mailarchive.ietf.org/arch/browse/therightkey/,active
tictoc,https://mailarchive.ietf.org/arch/browse/tictoc/,active
tigress,https://mailarchive.ietf.org/arch/browse/tigress/,active
tlp-interest,https://mailarchive.ietf.org/arch/browse/tlp-interest/,active
tls,https://mailarchive.ietf.org/arch/browse/tls/,active
tls-implementers,https://mailarchive.ietf.org/arch/browse/tls-implementers/,active
tls-reg-review,https://mailarchive.ietf.org/arch/browse/tls-reg-review/,active
tm-rid,https://mailarchive.ietf.org/arch/browse/tm-rid/,active
tmrg,https://mailarchive.ietf.org/arch/browse/tmrg/,active
tn3270e,https://mailarchive.ietf.org/arch/browse/tn3270e/,active
tofoo,https://mailarchive.ietf.org/arch/browse/tofoo/,active
tools-arch,https://mailarchive.ietf.org/arch/browse/tools-arch/,active
tools-development,https://mailarchive.ietf.org/arch/browse/tools-development/,active
tools-discuss,https://mailarchive.ietf.org/arch/browse/tools-discuss/,active
tools-implementation,https://mailarchive.ietf.org/arch/browse/tools-implementation/,active
trade,https://mailarchive.ietf.org/arch/browse/trade/,active
tram,https://mailarchive.ietf.org/arch/browse/tram/,active
trans,https://mailarchive.ietf.org/arch/browse/trans/,active
trill,https://mailarchive.ietf.org/arch/browse/trill/,active
trust-router,https://mailarchive.ietf.org/arch/browse/trust-router/,active
tsv-area,https://mailarchive.ietf.org/arch/browse/tsv-area/,active
tsv-art,https://mailarchive.ietf.org/arch/browse/tsv-art/,active
tsvwg,https://mailarchive.ietf.org/arch/browse/tsvwg/,active
tvr,https://mailarchive.ietf.org/arch/browse/tvr/,active
txauth,https://mailarchive.ietf.org/arch/browse/txauth/,active
tzdist-bis,https://mailarchive.ietf.org/arch/browse/tzdist-bis/,active
tzdist-service,https://mailarchive.ietf.org/arch/browse/tzdist-service/,active
ufmrg,https://mailarchive.ietf.org/arch/browse/ufmrg/,active
unbearable,https://mailarchive.ietf.org/arch/browse/unbearable/,active
uri-review,https://mailarchive.ietf.org/arch/browse/uri-review/,active
urn,https://mailarchive.ietf.org/arch/browse/urn/,active
usefor,https://mailarchive.ietf.org/arch/browse/usefor/,active
uta,https://mailarchive.ietf.org/arch/browse/uta/,active
uuidrev,https://mailarchive.ietf.org/arch/browse/uuidrev/,active
v3,https://mailarchive.ietf.org/arch/browse/v3/,active
v4tov6transition,https://mailarchive.ietf.org/arch/browse/v4tov6transition/,active
v4v6interim,https://mailarchive.ietf.org/arch/browse/v4v6interim/,active
v6ops,https://mailarchive.ietf.org/arch/browse/v6ops/,active
vcarddav,https://mailarchive.ietf.org/arch/browse/vcarddav/,active
vcon,https://mailarchive.ietf.org/arch/browse/vcon/,active
venue-selection,https://mailarchive.ietf.org/arch/browse/venue-selection/,active
video-codec,https://mailarchive.ietf.org/arch/browse/video-codec/,active
videomgmt,https://mailarchive.ietf.org/arch/browse/videomgmt/,active
vmeet,https://mailarchive.ietf.org/arch/browse/vmeet/,active
vnfpool,https://mailarchive.ietf.org/arch/browse/vnfpool/,active
vnrg,https://mailarchive.ietf.org/arch/browse/vnrg/,active
vot,https://mailarchive.ietf.org/arch/browse/vot/,active
vpim,https://mailarchive.ietf.org/arch/browse/vpim/,active
vpn-dir,https://mailarchive.ietf.org/arch/browse/vpn-dir/,active
vpn4dc,https://mailarchive.ietf.org/arch/browse/vpn4dc/,active
vrrp,https://mailarchive.ietf.org/arch/browse/vrrp/,active
vwrap,https://mailarchive.ietf.org/arch/browse/vwrap/,active
w3c-policy,https://mailarchive.ietf.org/arch/browse/w3c-policy/,active
webauthn-reg-review,https://mailarchive.ietf.org/arch/browse/webauthn-reg-review/,active
webdav,https://mailarchive.ietf.org/arch/browse/webdav/,active
webfinger,https://mailarchive.ietf.org/arch/browse/webfinger/,active
webpush,https://mailarchive.ietf.org/arch/browse/webpush/,active
websec,https://mailarchive.ietf.org/arch/browse/websec/,active
webtransport,https://mailarchive.ietf.org/arch/browse/webtransport/,active
wellknown-uri-review,https://mailarchive.ietf.org/arch/browse/wellknown-uri-review/,active
wgchairs,https://mailarchive.ietf.org/arch/browse/wgchairs/,active
wgguide,https://mailarchive.ietf.org/arch/browse/wgguide/,active
wish,https://mailarchive.ietf.org/arch/browse/wish/,active
woes,https://mailarchive.ietf.org/arch/browse/woes/,active
wpack,https://mailarchive.ietf.org/arch/browse/wpack/,active
wrec,https://mailarchive.ietf.org/arch/browse/wrec/,active
xcon,https://mailarchive.ietf.org/arch/browse/xcon/,active
xml-mime,https://mailarchive.ietf.org/arch/browse/xml-mime/,active
xml-sg-cmt,https://mailarchive.ietf.org/arch/browse/xml-sg-cmt/,active
xml2rfc,https://mailarchive.ietf.org/arch/browse/xml2rfc/,active
xml2rfc-dev,https://mailarchive.ietf.org/arch/browse/xml2rfc-dev/,active
xmpp,https://mailarchive.ietf.org/arch/browse/xmpp/,active
xrblock,https://mailarchive.ietf.org/arch/browse/xrblock/,active
yam,https://mailarchive.ietf.org/arch/browse/yam/,active
yang,https://mailarchive.ietf.org/arch/browse/yang/,active
yang-doctors,https://mailarchive.ietf.org/arch/browse/yang-doctors/,active
yang-multicast,https://mailarchive.ietf.org/arch/browse/yang-multicast/,active
yc-announce,https://mailarchive.ietf.org/arch/browse/yc-announce/,active
yot,https://mailarchive.ietf.org/arch/browse/yot/,active
zeroconf,https://mailarchive.ietf.org/arch/browse/zeroconf/,active
2000,https://mailarchive.ietf.org/arch/browse/2000/,inactive
67attendees,https://mailarchive.ietf.org/arch/browse/67attendees/,inactive
68attendees,https://mailarchive.ietf.org/arch/browse/68attendees/,inactive
69attendees,https://mailarchive.ietf.org/arch/browse/69attendees/,inactive
6lowpan,https://mailarchive.ietf.org/arch/browse/6lowpan/,inactive
70attendees,https://mailarchive.ietf.org/arch/browse/70attendees/,inactive
71attendees,https://mailarchive.ietf.org/arch/browse/71attendees/,inactive
72attendees,https://mailarchive.ietf.org/arch/browse/72attendees/,inactive
73attendees,https://mailarchive.ietf.org/arch/browse/73attendees/,inactive
74all,https://mailarchive.ietf.org/arch/browse/74all/,inactive
74attendees,https://mailarchive.ietf.org/arch/browse/74attendees/,inactive
75all,https://mailarchive.ietf.org/arch/browse/75all/,inactive
75attendees,https://mailarchive.ietf.org/arch/browse/75attendees/,inactive
76all,https://mailarchive.ietf.org/arch/browse/76all/,inactive
76attendees,https://mailarchive.ietf.org/arch/browse/76attendees/,inactive
77all,https://mailarchive.ietf.org/arch/browse/77all/,inactive
77attendees,https://mailarchive.ietf.org/arch/browse/77attendees/,inactive
78all,https://mailarchive.ietf.org/arch/browse/78all/,inactive
78attendees,https://mailarchive.ietf.org/arch/browse/78attendees/,inactive
79all,https://mailarchive.ietf.org/arch/browse/79all/,inactive
79attendees,https://mailarchive.ietf.org/arch/browse/79attendees/,inactive
80all,https://mailarchive.ietf.org/arch/browse/80all/,inactive
80attendees,https://mailarchive.ietf.org/arch/browse/80attendees/,inactive
81-1st-timers,https://mailarchive.ietf.org/arch/browse/81-1st-timers/,inactive
81all,https://mailarchive.ietf.org/arch/browse/81all/,inactive
81attendees,https://mailarchive.ietf.org/arch/browse/81attendees/,inactive
82-1st-timers,https://mailarchive.ietf.org/arch/browse/82-1st-timers/,inactive
822ext,https://mailarchive.ietf.org/arch/browse/822ext/,inactive
82all,https://mailarchive.ietf.org/arch/browse/82all/,inactive
82attendees,https://mailarchive.ietf.org/arch/browse/82attendees/,inactive
83-1st-timers,https://mailarchive.ietf.org/arch/browse/83-1st-timers/,inactive
84all,https://mailarchive.ietf.org/arch/browse/84all/,inactive
84attendees,https://mailarchive.ietf.org/arch/browse/84attendees/,inactive
85-1st-timers,https://mailarchive.ietf.org/arch/browse/85-1st-timers/,inactive
85all,https://mailarchive.ietf.org/arch/browse/85all/,inactive
85attendees,https://mailarchive.ietf.org/arch/browse/85attendees/,inactive
86-1st-timers,https://mailarchive.ietf.org/arch/browse/86-1st-timers/,inactive
86all,https://mailarchive.ietf.org/arch/browse/86all/,inactive
86attendees,https://mailarchive.ietf.org/arch/browse/86attendees/,inactive
87-1st-timers,https://mailarchive.ietf.org/arch/browse/87-1st-timers/,inactive
87all,https://mailarchive.ietf.org/arch/browse/87all/,inactive
87attendees,https://mailarchive.ietf.org/arch/browse/87attendees/,inactive
88-1st-timers,https://mailarchive.ietf.org/arch/browse/88-1st-timers/,inactive
88all,https://mailarchive.ietf.org/arch/browse/88all/,inactive
88attendees,https://mailarchive.ietf.org/arch/browse/88attendees/,inactive
89all,https://mailarchive.ietf.org/arch/browse/89all/,inactive
89attendees,https://mailarchive.ietf.org/arch/browse/89attendees/,inactive
89companions,https://mailarchive.ietf.org/arch/browse/89companions/,inactive
90-1st-timers,https://mailarchive.ietf.org/arch/browse/90-1st-timers/,inactive
90all,https://mailarchive.ietf.org/arch/browse/90all/,inactive
90attendees,https://mailarchive.ietf.org/arch/browse/90attendees/,inactive
90companions,https://mailarchive.ietf.org/arch/browse/90companions/,inactive
91-1st-timers,https://mailarchive.ietf.org/arch/browse/91-1st-timers/,inactive
91all,https://mailarchive.ietf.org/arch/browse/91all/,inactive
91attendees,https://mailarchive.ietf.org/arch/browse/91attendees/,inactive
91companions,https://mailarchive.ietf.org/arch/browse/91companions/,inactive
92-1st-timers,https://mailarchive.ietf.org/arch/browse/92-1st-timers/,inactive
92all,https://mailarchive.ietf.org/arch/browse/92all/,inactive
92attendees,https://mailarchive.ietf.org/arch/browse/92attendees/,inactive
92companions,https://mailarchive.ietf.org/arch/browse/92companions/,inactive
92hackathon,https://mailarchive.ietf.org/arch/browse/92hackathon/,inactive
93-1st-timers,https://mailarchive.ietf.org/arch/browse/93-1st-timers/,inactive
93all,https://mailarchive.ietf.org/arch/browse/93all/,inactive
93attendees,https://mailarchive.ietf.org/arch/browse/93attendees/,inactive
93companions,https://mailarchive.ietf.org/arch/browse/93companions/,inactive
94-1st-timers,https://mailarchive.ietf.org/arch/browse/94-1st-timers/,inactive
94all,https://mailarchive.ietf.org/arch/browse/94all/,inactive
94attendees,https://mailarchive.ietf.org/arch/browse/94attendees/,inactive
94companions,https://mailarchive.ietf.org/arch/browse/94companions/,inactive
95-1st-timers,https://mailarchive.ietf.org/arch/browse/95-1st-timers/,inactive
95-mentees,https://mailarchive.ietf.org/arch/browse/95-mentees/,inactive
95-mentors,https://mailarchive.ietf.org/arch/browse/95-mentors/,inactive
95all,https://mailarchive.ietf.org/arch/browse/95all/,inactive
95attendees,https://mailarchive.ietf.org/arch/browse/95attendees/,inactive
95companions,https://mailarchive.ietf.org/arch/browse/95companions/,inactive
96-1st-timers,https://mailarchive.ietf.org/arch/browse/96-1st-timers/,inactive
96-mentors,https://mailarchive.ietf.org/arch/browse/96-mentors/,inactive
96all,https://mailarchive.ietf.org/arch/browse/96all/,inactive
96attendees,https://mailarchive.ietf.org/arch/browse/96attendees/,inactive
96companions,https://mailarchive.ietf.org/arch/browse/96companions/,inactive
96newcomers,https://mailarchive.ietf.org/arch/browse/96newcomers/,inactive
97-mentors,https://mailarchive.ietf.org/arch/browse/97-mentors/,inactive
97-newcomers,https://mailarchive.ietf.org/arch/browse/97-newcomers/,inactive
97all,https://mailarchive.ietf.org/arch/browse/97all/,inactive
97attendees,https://mailarchive.ietf.org/arch/browse/97attendees/,inactive
97companions,https://mailarchive.ietf.org/arch/browse/97companions/,inactive
98-newcomers,https://mailarchive.ietf.org/arch/browse/98-newcomers/,inactive
98all,https://mailarchive.ietf.org/arch/browse/98all/,inactive
98attendees,https://mailarchive.ietf.org/arch/browse/98attendees/,inactive
98companions,https://mailarchive.ietf.org/arch/browse/98companions/,inactive
98reg,https://mailarchive.ietf.org/arch/browse/98reg/,inactive
99-newcomers,https://mailarchive.ietf.org/arch/browse/99-newcomers/,inactive
99all,https://mailarchive.ietf.org/arch/browse/99all/,inactive
99attendees,https://mailarchive.ietf.org/arch/browse/99attendees/,inactive
99companions,https://mailarchive.ietf.org/arch/browse/99companions/,inactive
aaa,https://mailarchive.ietf.org/arch/browse/aaa/,inactive
aac,https://mailarchive.ietf.org/arch/browse/aac/,inactive
acct,https://mailarchive.ietf.org/arch/browse/acct/,inactive
actn,https://mailarchive.ietf.org/arch/browse/actn/,inactive
aeon,https://mailarchive.ietf.org/arch/browse/aeon/,inactive
aft,https://mailarchive.ietf.org/arch/browse/aft/,inactive
agenda-tool,https://mailarchive.ietf.org/arch/browse/agenda-tool/,inactive
ans-research,https://mailarchive.ietf.org/arch/browse/ans-research/,inactive
appleip,https://mailarchive.ietf.org/arch/browse/appleip/,inactive
apps-discuss,https://mailarchive.ietf.org/arch/browse/apps-discuss/,inactive
arcmedia,https://mailarchive.ietf.org/arch/browse/arcmedia/,inactive
asrg,https://mailarchive.ietf.org/arch/browse/asrg/,inactive
asrg-announce,https://mailarchive.ietf.org/arch/browse/asrg-announce/,inactive
atm,https://mailarchive.ietf.org/arch/browse/atm/,inactive
atommib,https://mailarchive.ietf.org/arch/browse/atommib/,inactive
atompub,https://mailarchive.ietf.org/arch/browse/atompub/,inactive
avtext,https://mailarchive.ietf.org/arch/browse/avtext/,inactive
beep,https://mailarchive.ietf.org/arch/browse/beep/,inactive
bgmp,https://mailarchive.ietf.org/arch/browse/bgmp/,inactive
bgp,https://mailarchive.ietf.org/arch/browse/bgp/,inactive
big-internet,https://mailarchive.ietf.org/arch/browse/big-internet/,inactive
bridge,https://mailarchive.ietf.org/arch/browse/bridge/,inactive
call-home,https://mailarchive.ietf.org/arch/browse/call-home/,inactive
calsch,https://mailarchive.ietf.org/arch/browse/calsch/,inactive
capwap,https://mailarchive.ietf.org/arch/browse/capwap/,inactive
cat,https://mailarchive.ietf.org/arch/browse/cat/,inactive
catnip,https://mailarchive.ietf.org/arch/browse/catnip/,inactive
cdi,https://mailarchive.ietf.org/arch/browse/cdi/,inactive
charmib,https://mailarchive.ietf.org/arch/browse/charmib/,inactive
charset,https://mailarchive.ietf.org/arch/browse/charset/,inactive
charter-tool,https://mailarchive.ietf.org/arch/browse/charter-tool/,inactive
chassis,https://mailarchive.ietf.org/arch/browse/chassis/,inactive
cidrd,https://mailarchive.ietf.org/arch/browse/cidrd/,inactive
cin,https://mailarchive.ietf.org/arch/browse/cin/,inactive
cip,https://mailarchive.ietf.org/arch/browse/cip/,inactive
cmp-id,https://mailarchive.ietf.org/arch/browse/cmp-id/,inactive
cna,https://mailarchive.ietf.org/arch/browse/cna/,inactive
cnrp,https://mailarchive.ietf.org/arch/browse/cnrp/,inactive
codematch-develop,https://mailarchive.ietf.org/arch/browse/codematch-develop/,inactive
coma,https://mailarchive.ietf.org/arch/browse/coma/,inactive
conex,https://mailarchive.ietf.org/arch/browse/conex/,inactive
conneg,https://mailarchive.ietf.org/arch/browse/conneg/,inactive
criteria,https://mailarchive.ietf.org/arch/browse/criteria/,inactive
csky-idsubmit,https://mailarchive.ietf.org/arch/browse/csky-idsubmit/,inactive
dclc,https://mailarchive.ietf.org/arch/browse/dclc/,inactive
dcon,https://mailarchive.ietf.org/arch/browse/dcon/,inactive
dcp,https://mailarchive.ietf.org/arch/browse/dcp/,inactive
decade,https://mailarchive.ietf.org/arch/browse/decade/,inactive
decnetiv,https://mailarchive.ietf.org/arch/browse/decnetiv/,inactive
dfs,https://mailarchive.ietf.org/arch/browse/dfs/,inactive
dhcp,https://mailarchive.ietf.org/arch/browse/dhcp/,inactive
diffserv,https://mailarchive.ietf.org/arch/browse/diffserv/,inactive
diffserv-interest,https://mailarchive.ietf.org/arch/browse/diffserv-interest/,inactive
discuss,https://mailarchive.ietf.org/arch/browse/discuss/,inactive
disi,https://mailarchive.ietf.org/arch/browse/disi/,inactive
dmsp,https://mailarchive.ietf.org/arch/browse/dmsp/,inactive
drums,https://mailarchive.ietf.org/arch/browse/drums/,inactive
dsii,https://mailarchive.ietf.org/arch/browse/dsii/,inactive
dtn-security,https://mailarchive.ietf.org/arch/browse/dtn-security/,inactive
dtn-users,https://mailarchive.ietf.org/arch/browse/dtn-users/,inactive
e2md,https://mailarchive.ietf.org/arch/browse/e2md/,inactive
eai,https://mailarchive.ietf.org/arch/browse/eai/,inactive
eap,https://mailarchive.ietf.org/arch/browse/eap/,inactive
ecm,https://mailarchive.ietf.org/arch/browse/ecm/,inactive
ediint,https://mailarchive.ietf.org/arch/browse/ediint/,inactive
entmib,https://mailarchive.ietf.org/arch/browse/entmib/,inactive
eppext,https://mailarchive.ietf.org/arch/browse/eppext/,inactive
ericas,https://mailarchive.ietf.org/arch/browse/ericas/,inactive
ethermib,https://mailarchive.ietf.org/arch/browse/ethermib/,inactive
fax,https://mailarchive.ietf.org/arch/browse/fax/,inactive
fddi,https://mailarchive.ietf.org/arch/browse/fddi/,inactive
fddimib,https://mailarchive.ietf.org/arch/browse/fddimib/,inactive
fecframe,https://mailarchive.ietf.org/arch/browse/fecframe/,inactive
find,https://mailarchive.ietf.org/arch/browse/find/,inactive
frame,https://mailarchive.ietf.org/arch/browse/frame/,inactive
frnetmib,https://mailarchive.ietf.org/arch/browse/frnetmib/,inactive
fud,https://mailarchive.ietf.org/arch/browse/fud/,inactive
ghost,https://mailarchive.ietf.org/arch/browse/ghost/,inactive
grobj,https://mailarchive.ietf.org/arch/browse/grobj/,inactive
harts,https://mailarchive.ietf.org/arch/browse/harts/,inactive
hash,https://mailarchive.ietf.org/arch/browse/hash/,inactive
hip,https://mailarchive.ietf.org/arch/browse/hip/,inactive
hiprg,https://mailarchive.ietf.org/arch/browse/hiprg/,inactive
hops,https://mailarchive.ietf.org/arch/browse/hops/,inactive
hostmib,https://mailarchive.ietf.org/arch/browse/hostmib/,inactive
hostreq,https://mailarchive.ietf.org/arch/browse/hostreq/,inactive
http,https://mailarchive.ietf.org/arch/browse/http/,inactive
i2rs-proto-dt,https://mailarchive.ietf.org/arch/browse/i2rs-proto-dt/,inactive
iafa,https://mailarchive.ietf.org/arch/browse/iafa/,inactive
icar,https://mailarchive.ietf.org/arch/browse/icar/,inactive
ident,https://mailarchive.ietf.org/arch/browse/ident/,inactive
idmr,https://mailarchive.ietf.org/arch/browse/idmr/,inactive
idn,https://mailarchive.ietf.org/arch/browse/idn/,inactive
idpr,https://mailarchive.ietf.org/arch/browse/idpr/,inactive
ids,https://mailarchive.ietf.org/arch/browse/ids/,inactive
idwg,https://mailarchive.ietf.org/arch/browse/idwg/,inactive
ieprep,https://mailarchive.ietf.org/arch/browse/ieprep/,inactive
ietf-62,https://mailarchive.ietf.org/arch/browse/ietf-62/,inactive
ietf-ack,https://mailarchive.ietf.org/arch/browse/ietf-ack/,inactive
ietf-announce-old,https://mailarchive.ietf.org/arch/browse/ietf-announce-old/,inactive
ietf72-1st-timers,https://mailarchive.ietf.org/arch/browse/ietf72-1st-timers/,inactive
ietf74-1st-timers,https://mailarchive.ietf.org/arch/browse/ietf74-1st-timers/,inactive
ietf75-1st-timers,https://mailarchive.ietf.org/arch/browse/ietf75-1st-timers/,inactive
ietf76-1st-timers,https://mailarchive.ietf.org/arch/browse/ietf76-1st-timers/,inactive
ietf77-1st-timers,https://mailarchive.ietf.org/arch/browse/ietf77-1st-timers/,inactive
ifmib,https://mailarchive.ietf.org/arch/browse/ifmib/,inactive
imap,https://mailarchive.ietf.org/arch/browse/imap/,inactive
iola-conversion-tool,https://mailarchive.ietf.org/arch/browse/iola-conversion-tool/,inactive
iola-wgcharter-tool,https://mailarchive.ietf.org/arch/browse/iola-wgcharter-tool/,inactive
ion,https://mailarchive.ietf.org/arch/browse/ion/,inactive
ip1394,https://mailarchive.ietf.org/arch/browse/ip1394/,inactive
ipae,https://mailarchive.ietf.org/arch/browse/ipae/,inactive
ipdvb,https://mailarchive.ietf.org/arch/browse/ipdvb/,inactive
iplpdn,https://mailarchive.ietf.org/arch/browse/iplpdn/,inactive
ipngwg,https://mailarchive.ietf.org/arch/browse/ipngwg/,inactive
ipoib,https://mailarchive.ietf.org/arch/browse/ipoib/,inactive
iporpr,https://mailarchive.ietf.org/arch/browse/iporpr/,inactive
ippcp,https://mailarchive.ietf.org/arch/browse/ippcp/,inactive
iprp,https://mailarchive.ietf.org/arch/browse/iprp/,inactive
ipseckey,https://mailarchive.ietf.org/arch/browse/ipseckey/,inactive
ipsp,https://mailarchive.ietf.org/arch/browse/ipsp/,inactive
ipsra,https://mailarchive.ietf.org/arch/browse/ipsra/,inactive
ipv6-dir,https://mailarchive.ietf.org/arch/browse/ipv6-dir/,inactive
ipv6mib,https://mailarchive.ietf.org/arch/browse/ipv6mib/,inactive
ipvbi,https://mailarchive.ietf.org/arch/browse/ipvbi/,inactive
irtf-mobility-charter,https://mailarchive.ietf.org/arch/browse/irtf-mobility-charter/,inactive
isis,https://mailarchive.ietf.org/arch/browse/isis/,inactive
isn,https://mailarchive.ietf.org/arch/browse/isn/,inactive
issll,https://mailarchive.ietf.org/arch/browse/issll/,inactive
kink,https://mailarchive.ietf.org/arch/browse/kink/,inactive
l2cp,https://mailarchive.ietf.org/arch/browse/l2cp/,inactive
l3vpn,https://mailarchive.ietf.org/arch/browse/l3vpn/,inactive
laminar,https://mailarchive.ietf.org/arch/browse/laminar/,inactive
ldapbis,https://mailarchive.ietf.org/arch/browse/ldapbis/,inactive
lime-oam-model,https://mailarchive.ietf.org/arch/browse/lime-oam-model/,inactive
manet-dlep-rg,https://mailarchive.ietf.org/arch/browse/manet-dlep-rg/,inactive
manet-dt,https://mailarchive.ietf.org/arch/browse/manet-dt/,inactive
marid,https://mailarchive.ietf.org/arch/browse/marid/,inactive
media-feature-tags-archive,https://mailarchive.ietf.org/arch/browse/media-feature-tags-archive/,inactive
messaging,https://mailarchive.ietf.org/arch/browse/messaging/,inactive
meta-model,https://mailarchive.ietf.org/arch/browse/meta-model/,inactive
mhsds,https://mailarchive.ietf.org/arch/browse/mhsds/,inactive
mhtml,https://mailarchive.ietf.org/arch/browse/mhtml/,inactive
mimemhs,https://mailarchive.ietf.org/arch/browse/mimemhs/,inactive
mip4,https://mailarchive.ietf.org/arch/browse/mip4/,inactive
mixer,https://mailarchive.ietf.org/arch/browse/mixer/,inactive
ml_testlist,https://mailarchive.ietf.org/arch/browse/ml_testlist/,inactive
mobike,https://mailarchive.ietf.org/arch/browse/mobike/,inactive
mobileip,https://mailarchive.ietf.org/arch/browse/mobileip/,inactive
modemmgt,https://mailarchive.ietf.org/arch/browse/modemmgt/,inactive
mpls-tp,https://mailarchive.ietf.org/arch/browse/mpls-tp/,inactive
mpowr,https://mailarchive.ietf.org/arch/browse/mpowr/,inactive
mpsnmp,https://mailarchive.ietf.org/arch/browse/mpsnmp/,inactive
msgtrk,https://mailarchive.ietf.org/arch/browse/msgtrk/,inactive
msgway,https://mailarchive.ietf.org/arch/browse/msgway/,inactive
mter,https://mailarchive.ietf.org/arch/browse/mter/,inactive
mtudisc,https://mailarchive.ietf.org/arch/browse/mtudisc/,inactive
multi6,https://mailarchive.ietf.org/arch/browse/multi6/,inactive
namedroppers,https://mailarchive.ietf.org/arch/browse/namedroppers/,inactive
nasreq,https://mailarchive.ietf.org/arch/browse/nasreq/,inactive
nat,https://mailarchive.ietf.org/arch/browse/nat/,inactive
nbs,https://mailarchive.ietf.org/arch/browse/nbs/,inactive
ncrg,https://mailarchive.ietf.org/arch/browse/ncrg/,inactive
netdata,https://mailarchive.ietf.org/arch/browse/netdata/,inactive
netfax,https://mailarchive.ietf.org/arch/browse/netfax/,inactive
newtrk,https://mailarchive.ietf.org/arch/browse/newtrk/,inactive
nir,https://mailarchive.ietf.org/arch/browse/nir/,inactive
njm,https://mailarchive.ietf.org/arch/browse/njm/,inactive
nmlrg,https://mailarchive.ietf.org/arch/browse/nmlrg/,inactive
nntp,https://mailarchive.ietf.org/arch/browse/nntp/,inactive
noop,https://mailarchive.ietf.org/arch/browse/noop/,inactive
npp,https://mailarchive.ietf.org/arch/browse/npp/,inactive
nscp,https://mailarchive.ietf.org/arch/browse/nscp/,inactive
oda,https://mailarchive.ietf.org/arch/browse/oda/,inactive
opes,https://mailarchive.ietf.org/arch/browse/opes/,inactive
opsarea-chairs,https://mailarchive.ietf.org/arch/browse/opsarea-chairs/,inactive
opstat,https://mailarchive.ietf.org/arch/browse/opstat/,inactive
orad,https://mailarchive.ietf.org/arch/browse/orad/,inactive
osids,https://mailarchive.ietf.org/arch/browse/osids/,inactive
osigen,https://mailarchive.ietf.org/arch/browse/osigen/,inactive
ospf-manet,https://mailarchive.ietf.org/arch/browse/ospf-manet/,inactive
ospf-wireless-design,https://mailarchive.ietf.org/arch/browse/ospf-wireless-design/,inactive
p2prg,https://mailarchive.ietf.org/arch/browse/p2prg/,inactive
pcp,https://mailarchive.ietf.org/arch/browse/pcp/,inactive
pem,https://mailarchive.ietf.org/arch/browse/pem/,inactive
pesci-discuss,https://mailarchive.ietf.org/arch/browse/pesci-discuss/,inactive
pier,https://mailarchive.ietf.org/arch/browse/pier/,inactive
pilc,https://mailarchive.ietf.org/arch/browse/pilc/,inactive
pint,https://mailarchive.ietf.org/arch/browse/pint/,inactive
pip,https://mailarchive.ietf.org/arch/browse/pip/,inactive
pmtud,https://mailarchive.ietf.org/arch/browse/pmtud/,inactive
poised,https://mailarchive.ietf.org/arch/browse/poised/,inactive
poised95,https://mailarchive.ietf.org/arch/browse/poised95/,inactive
policy,https://mailarchive.ietf.org/arch/browse/policy/,inactive
pop3,https://mailarchive.ietf.org/arch/browse/pop3/,inactive
prim,https://mailarchive.ietf.org/arch/browse/prim/,inactive
printmib,https://mailarchive.ietf.org/arch/browse/printmib/,inactive
problem,https://mailarchive.ietf.org/arch/browse/problem/,inactive
proto-team,https://mailarchive.ietf.org/arch/browse/proto-team/,inactive
psamp-text,https://mailarchive.ietf.org/arch/browse/psamp-text/,inactive
pso-discuss,https://mailarchive.ietf.org/arch/browse/pso-discuss/,inactive
pwg,https://mailarchive.ietf.org/arch/browse/pwg/,inactive
qosr,https://mailarchive.ietf.org/arch/browse/qosr/,inactive
radius,https://mailarchive.ietf.org/arch/browse/radius/,inactive
rai,https://mailarchive.ietf.org/arch/browse/rai/,inactive
raven,https://mailarchive.ietf.org/arch/browse/raven/,inactive
receipt,https://mailarchive.ietf.org/arch/browse/receipt/,inactive
rescap,https://mailarchive.ietf.org/arch/browse/rescap/,inactive
research-funding,https://mailarchive.ietf.org/arch/browse/research-funding/,inactive
rfcplusplus,https://mailarchive.ietf.org/arch/browse/rfcplusplus/,inactive
rfid,https://mailarchive.ietf.org/arch/browse/rfid/,inactive
rgchairs,https://mailarchive.ietf.org/arch/browse/rgchairs/,inactive
ripv2,https://mailarchive.ietf.org/arch/browse/ripv2/,inactive
rmon,https://mailarchive.ietf.org/arch/browse/rmon/,inactive
rmt,https://mailarchive.ietf.org/arch/browse/rmt/,inactive
rolc,https://mailarchive.ietf.org/arch/browse/rolc/,inactive
rreq,https://mailarchive.ietf.org/arch/browse/rreq/,inactive
rrg,https://mailarchive.ietf.org/arch/browse/rrg/,inactive
rrg-reboot,https://mailarchive.ietf.org/arch/browse/rrg-reboot/,inactive
rsvp,https://mailarchive.ietf.org/arch/browse/rsvp/,inactive
rtfm,https://mailarchive.ietf.org/arch/browse/rtfm/,inactive
rucus,https://mailarchive.ietf.org/arch/browse/rucus/,inactive
rwhois,https://mailarchive.ietf.org/arch/browse/rwhois/,inactive
sacred,https://mailarchive.ietf.org/arch/browse/sacred/,inactive
sam,https://mailarchive.ietf.org/arch/browse/sam/,inactive
scale,https://mailarchive.ietf.org/arch/browse/scale/,inactive
sctp-impl,https://mailarchive.ietf.org/arch/browse/sctp-impl/,inactive
sdn,https://mailarchive.ietf.org/arch/browse/sdn/,inactive
seamoby,https://mailarchive.ietf.org/arch/browse/seamoby/,inactive
secauth,https://mailarchive.ietf.org/arch/browse/secauth/,inactive
secmech,https://mailarchive.ietf.org/arch/browse/secmech/,inactive
send,https://mailarchive.ietf.org/arch/browse/send/,inactive
sip,https://mailarchive.ietf.org/arch/browse/sip/,inactive
sip-overload,https://mailarchive.ietf.org/arch/browse/sip-overload/,inactive
sip-security,https://mailarchive.ietf.org/arch/browse/sip-security/,inactive
sipp,https://mailarchive.ietf.org/arch/browse/sipp/,inactive
sipping-emergency,https://mailarchive.ietf.org/arch/browse/sipping-emergency/,inactive
sipping-tispan,https://mailarchive.ietf.org/arch/browse/sipping-tispan/,inactive
smds,https://mailarchive.ietf.org/arch/browse/smds/,inactive
smtpext,https://mailarchive.ietf.org/arch/browse/smtpext/,inactive
snanau,https://mailarchive.ietf.org/arch/browse/snanau/,inactive
snmp,https://mailarchive.ietf.org/arch/browse/snmp/,inactive
snmpconf,https://mailarchive.ietf.org/arch/browse/snmpconf/,inactive
snmpsec,https://mailarchive.ietf.org/arch/browse/snmpsec/,inactive
snmpv2,https://mailarchive.ietf.org/arch/browse/snmpv2/,inactive
snmpv3,https://mailarchive.ietf.org/arch/browse/snmpv3/,inactive
spirits,https://mailarchive.ietf.org/arch/browse/spirits/,inactive
spwg,https://mailarchive.ietf.org/arch/browse/spwg/,inactive
ssphwg,https://mailarchive.ietf.org/arch/browse/ssphwg/,inactive
ssw-agenda-tool,https://mailarchive.ietf.org/arch/browse/ssw-agenda-tool/,inactive
status,https://mailarchive.ietf.org/arch/browse/status/,inactive
stdguide,https://mailarchive.ietf.org/arch/browse/stdguide/,inactive
stevetest,https://mailarchive.ietf.org/arch/browse/stevetest/,inactive
stox,https://mailarchive.ietf.org/arch/browse/stox/,inactive
straw,https://mailarchive.ietf.org/arch/browse/straw/,inactive
strint-attendees,https://mailarchive.ietf.org/arch/browse/strint-attendees/,inactive
stun,https://mailarchive.ietf.org/arch/browse/stun/,inactive
svrloc,https://mailarchive.ietf.org/arch/browse/svrloc/,inactive
tcmtf,https://mailarchive.ietf.org/arch/browse/tcmtf/,inactive
tcpcrypt,https://mailarchive.ietf.org/arch/browse/tcpcrypt/,inactive
tcpimpl,https://mailarchive.ietf.org/arch/browse/tcpimpl/,inactive
tcplw,https://mailarchive.ietf.org/arch/browse/tcplw/,inactive
tcpsat,https://mailarchive.ietf.org/arch/browse/tcpsat/,inactive
techspec,https://mailarchive.ietf.org/arch/browse/techspec/,inactive
telnet,https://mailarchive.ietf.org/arch/browse/telnet/,inactive
tewg,https://mailarchive.ietf.org/arch/browse/tewg/,inactive
thinosi,https://mailarchive.ietf.org/arch/browse/thinosi/,inactive
tig-diagnostics,https://mailarchive.ietf.org/arch/browse/tig-diagnostics/,inactive
time,https://mailarchive.ietf.org/arch/browse/time/,inactive
tip,https://mailarchive.ietf.org/arch/browse/tip/,inactive
tnfs,https://mailarchive.ietf.org/arch/browse/tnfs/,inactive
tools-team,https://mailarchive.ietf.org/arch/browse/tools-team/,inactive
trade.old,https://mailarchive.ietf.org/arch/browse/trade.old/,inactive
trigtran,https://mailarchive.ietf.org/arch/browse/trigtran/,inactive
trunkmib,https://mailarchive.ietf.org/arch/browse/trunkmib/,inactive
tsig,https://mailarchive.ietf.org/arch/browse/tsig/,inactive
tuba,https://mailarchive.ietf.org/arch/browse/tuba/,inactive
tzdist,https://mailarchive.ietf.org/arch/browse/tzdist/,inactive
ucp,https://mailarchive.ietf.org/arch/browse/ucp/,inactive
udp35,https://mailarchive.ietf.org/arch/browse/udp35/,inactive
upsmib,https://mailarchive.ietf.org/arch/browse/upsmib/,inactive
uri,https://mailarchive.ietf.org/arch/browse/uri/,inactive
urlreg,https://mailarchive.ietf.org/arch/browse/urlreg/,inactive
urn-nid,https://mailarchive.ietf.org/arch/browse/urn-nid/,inactive
userdoc2,https://mailarchive.ietf.org/arch/browse/userdoc2/,inactive
userglos,https://mailarchive.ietf.org/arch/browse/userglos/,inactive
uswg,https://mailarchive.ietf.org/arch/browse/uswg/,inactive
v6tc,https://mailarchive.ietf.org/arch/browse/v6tc/,inactive
vgmib,https://mailarchive.ietf.org/arch/browse/vgmib/,inactive
vipr,https://mailarchive.ietf.org/arch/browse/vipr/,inactive
web,https://mailarchive.ietf.org/arch/browse/web/,inactive
weirds,https://mailarchive.ietf.org/arch/browse/weirds/,inactive
widex,https://mailarchive.ietf.org/arch/browse/widex/,inactive
wnils,https://mailarchive.ietf.org/arch/browse/wnils/,inactive
wpkops,https://mailarchive.ietf.org/arch/browse/wpkops/,inactive
x25mib,https://mailarchive.ietf.org/arch/browse/x25mib/,inactive
x400ops,https://mailarchive.ietf.org/arch/browse/x400ops/,inactive
yaco-community-tool,https://mailarchive.ietf.org/arch/browse/yaco-community-tool/,inactive
yaco-idsubmit-tool,https://mailarchive.ietf.org/arch/browse/yaco-idsubmit-tool/,inactive
yaco-liaison-tool,https://mailarchive.ietf.org/arch/browse/yaco-liaison-tool/,inactive
yaco-nomcom-tool,https://mailarchive.ietf.org/arch/browse/yaco-nomcom-tool/,inactive
yaco-wgchair-tracker,https://mailarchive.ietf.org/arch/browse/yaco-wgchair-tracker/,inactive
